{
  "maganinApp": {
    "article": {
      "home": {
        "title": "المقال",
        "createLabel": "أضف مقال",
        "createOrEditLabel": "أضافت أو تعديل المقال",
        "notFound": "لم نجد مقالات"
      },
      "created": "{{ param }}تم إضافت مقال",
      "updated": "{{ param }}تم تعديل مقال",
      "deleted": "A Article is deleted with identifier {{ param }}",
      "delete": {
        "question": "Are you sure you want to delete Article {{ id }}?"
      },
      "detail": {
        "title": "المقال"
      },
      "userId": "User Id",
      "title": "العنوان",
      "author": "الكاتب",
      "relatedURL": "Related URL",
      "dateAdded": "تاريخ الإضافه",
      "shortDesc": "الملخص",
      "longDesc": "محتوى المقال",
      "display": "إظهار",
      "accessLevel": "Access Level",
      "impressions": "المشاهدات",
      "avgRating": "منوسط التقيم",
      "thumbnail": "ظفر الأبهم",
      "keywords": "أهم الكلمات",
      "country": "البلد",
      "dateLastMod": "تاريخ التعديل"
    }
  }
}
