{
  "maganinApp": {
    "consultancy": {
      "home": {
        "title": "Consultancies",
        "createLabel": "Create a new Consultancy",
        "createOrEditLabel": "Create or edit a Consultancy",
        "notFound": "No Consultancies found"
      },
      "created": "A new Consultancy is created with identifier {{ param }}",
      "updated": "A Consultancy is updated with identifier {{ param }}",
      "deleted": "A Consultancy is deleted with identifier {{ param }}",
      "delete": {
        "question": "Are you sure you want to delete Consultancy {{ id }}?"
      },
      "detail": {
        "title": "Consultancy"
      },
      "userId": "User Id",
      "name": "Name",
      "date": "Date",
      "age": "Age",
      "gender": "Gender",
      "religion": "Religion",
      "rel2": "Rel 2",
      "edu": "Edu",
      "social": "Social",
      "econ": "Econ",
      "hop": "Hop",
      "job": "Job",
      "country": "Country",
      "origin": "Origin",
      "email": "Email",
      "title": "Title",
      "question": "Question",
      "answer": "Answer",
      "doctor": "Doctor",
      "consultantId": "Consultant Id",
      "show": "Show",
      "paid": "Paid",
      "impressions": "Impressions",
      "consultancyType": "Consultancy Type"
    }
  }
}
