{
  "maganinApp": {
    "content": {
      "home": {
        "title": "Contents",
        "createLabel": "Create a new Content",
        "createOrEditLabel": "Create or edit a Content",
        "notFound": "No Contents found"
      },
      "created": "A new Content is created with identifier {{ param }}",
      "updated": "A Content is updated with identifier {{ param }}",
      "deleted": "A Content is deleted with identifier {{ param }}",
      "delete": {
        "question": "Are you sure you want to delete Content {{ id }}?"
      },
      "detail": {
        "title": "Content"
      },
      "userId": "User Id",
      "title": "Title",
      "author": "Author",
      "relatedURL": "Related URL",
      "dateAdded": "Date Added",
      "shortDesc": "Short Desc",
      "longDesc": "Long Desc",
      "display": "Display",
      "accessLevel": "Access Level",
      "expire": "Expire",
      "priority": "Priority",
      "impressions": "Impressions",
      "clickThrus": "Click Thrus",
      "avgRating": "Avg Rating",
      "ratings": "Ratings",
      "thumbnail": "Thumbnail",
      "image1": "Image 1",
      "dateEnd": "Date End",
      "keywords": "Keywords",
      "creationsType": "Creations Type",
      "wazn": "Wazn",
      "country": "Country",
      "dateLastMod": "Date Last Mod",
      "categoryId": "Category Id"
    }
  }
}
